Fecha,T√≠tulo,Descripci√≥n,A√±o-Mes
2023-03-05,Caudal del r√≠o Upano ocasiona el cierre temporal de la v√≠a Macas ‚Äì Puyo,"El crecimiento del caudal del r√≠o Upano caus√≥ el cierre de la v√≠a Macas ‚Äì Puyo, este domingo 5 de marzo de 2023.",2023-03
2023-03-04,Lahares del Sangay generan represamieto del r√≠o Upano; Riesgos emite alerta,"Tras el reporte de lahares por las quebradas del volc√°n Sangay, la SGR alert√≥ este 4 de marzo de 2023 del represamiento del r√≠o Upano.",2023-03
2022-10-16,El r√≠o Upano baj√≥ su caudal y hay circulaci√≥n en un carril,"A las 10:00 de este domingo 16 de octubre del 2022, se habilit√≥ de forma parcial el paso vehicular por la v√≠a Macas-Puyo, en la provincia de Morona Santiago.",2022-10
2022-10-15,Camioneta atrapada en el r√≠o Upano por inundaci√≥n,"La provincia Amaz√≥nica de Morona Santiago tambi√©n registra lluvias intensas. Este 15 de octubre el r√≠o Upano, en el cant√≥n Morona, se desbord√≥ y una camioneta permanece atrapada.  ",2022-10
2021-05-22,El material expulsado por el volc√°n Sangay se acumul√≥ en un dique en el r√≠o Upano,La noche del 21 de mayo de 2021 se registr√≥ una erupci√≥n del volc√°n Sangay. El material incandescente descendi√≥ por el r√≠o Volc√°n hasta el r√≠o Upano.,2021-05
2021-05-16,La v√≠a Puyo ‚Äì Macas se socav√≥ por el desbordamiento del r√≠o Upano,La v√≠a Puyo - Macas se cerr√≥ al tr√°nsito vehicular debido a un socavamiento en el sector de los puentes entre los r√≠os Copeno y Upano.,2021-05
2021-05-14,Flujos de lodo y escombros en el volc√°n Sangay; IG recomienda no ingresar en los cauces de los r√≠os Volc√°n y Upano,El Instituto Geof√≠sico de la Escuela Polit√©cnica Nacional inform√≥ del registro de se√±ales s√≠smicas en el volc√°n Sangay.,2021-05
2021-03-25,El material volc√°nico del Sangay repres√≥ el r√≠o Upano,"Un nuevo represamiento se registra en la confluencia del r√≠os Upano y Volc√°n, en la provincia de Morona Santiago. El material acumulado proviene del proceso eruptivo del Sangay.",2021-03
2020-11-26,Se esperan flujos de lodo en r√≠os Upano y Volc√°n ante lluvias registradas en la zona del Sangay,"Se espera que este jueves 26 de noviembre de 2020, puedan producirse flujos de lodo en los r√≠os Upano y Volc√°n, aleda√±os al volc√°n Sangay, debido a las lluvias registradas en los alrededores del coloso y a la actividad volc√°nica del mismo.",2020-11
2020-09-30,Morona amenaza con movilizaci√≥n y declara en emergencia al puente del r√≠o Upano,"Ocho d√≠as dio de plazo el alcalde de Morona, Franklin Galarza, para que el Gobierno nacional declare en emergencia al puente sobre el r√≠o Upano y comprometa los recursos para los estudios estructurales e hidrol√≥gicos, de lo contrario amenaza con movilizaciones hacia Quito.",2020-09
2020-09-29,Obras de prevenci√≥n para proteger las m√°rgenes del r√≠o Upano y la carretera Macas-Puyo,"Tres instituciones p√∫blicas intervendr√°n, a partir del lunes 5 de octubre del 2020, en la protecci√≥n de las m√°rgenes del r√≠o Upano, en el cant√≥n Morona, provincia amaz√≥nica de Morona Santiago.",2020-09
2020-09-25,La v√≠a Macas-Puyo est√° en riesgo de socavamiento por desbordamiento del r√≠o Upano,"Una nueva crecida y desbordamiento del r√≠o Upano, en la provincia de Morona Santiago, amenaza con socavar una parte de la v√≠a Macas-Puyo. La v√≠a est√° parcialmente habilitada, este viernes 25 de septiembre del 2020.",2020-09
2020-09-21,El r√≠o Upano acumula 50 millones de materiales derivados de la explosi√≥n del Sangay,"Este martes 22 de septiembre del 2020 se reunir√° la mesa t√©cnica del COE de Morona para evaluar la situaci√≥n de los r√≠os Upano y Volc√°n, por la erupci√≥n del Sangay. Hay preocupaci√≥n en las autoridades de la provincia.",2020-09
2020-08-01,Nueva crecida del r√≠o Upano destruye parte de la carretera Macas-Puyo,"Nuevamente la crecida y desbordamiento del r√≠o Upano, en la provincia de Morona Santiago, amenaza con socavar una parte de la estructura de la v√≠a Macas-Puyo (E-45), en la Amazon√≠a.",2020-08
2020-06-27,El r√≠o Upano est√° represado por el material que cae del volc√°n Sangay,"Un nuevo represamiento entre la uni√≥n de los r√≠os Volc√°n y Upano se registra el s√°bado 27 de junio de 2020, en la provincia amaz√≥nica de Morona Santiago. La causa es la constante erupci√≥n del volc√°n Sangay.",2020-06
2020-06-25,"Instituto Geof√≠sico alerta sobre posibles flujos de lodo en los r√≠os Volc√°n y Upano, en los flancos del volc√°n Sangay","A trav√©s de un bolet√≠n informativo divulgado la noche de este jueves 25 de junio de 2020, el Instituto Geof√≠sico de la Escuela Polit√©cnica Nacional alert√≥ sobre la posibilidad de que se registren flujos de lodo en los r√≠os Volc√°n y Upano, ubicados en los flancos del volc√°n Sangay.",2020-06
2023-03-04,SGR realiza constante monitoreo y emite recomendaciones ante el represamiento del r√≠o Upano,"La Secretar√≠a de Gesti√≥n de Riesgos (SGR), con base a los reportes del Instituto Geof√≠sico, el Ecu 911 y otras instituciones, informa que se registr√≥, este s√°bado 04 de... ver m√°s",2023-03
2021-05-24,SNGRE coordin√≥ rescate de personas atrapadas debido al incremento del caudal del r√≠o Upano,El Servicio Nacional de Gesti√≥n de Riesgos y Emergencias (SNGRE) coordin√≥ con el Grupo A√©reo del Ejercito la movilizaci√≥n de un helic√≥ptero para el recaste de 3 personas que... ver m√°s,2021-05
2021-05-05,Sobrevuelo por zona inundada debido a desbordamiento del r√≠o Upano,"Morona (Morona Santiago).- Debido al desbordamiento del r√≠o Upano, registrado en d√≠as anteriores, se han realizado varias acciones de respuesta por parte del Servicio Nacional de Gesti√≥n de Riesgos... ver m√°s",2021-05
2021-04-03,SNGRE coordin√≥ rescate de personas atrapadas debido al incremento del caudal del r√≠o Upano.,"Macas (Morona Santiago).- En horas de la ma√±ana de este 3 de abril, guardaparques del Parque Nacional Sangay, del Ministerio del Ambiente y Agua, alertaron sobre el incremento del... ver m√°s",2021-04
2020-06-26,"Morona Santiago/Morona / Macas, Puente sobre el r√≠o Upano v√≠a Macas-Puyo [E45]",Por lluvias se produce el incremento del caudal del r√≠o Upano y su posterior desbordamiento. El desfogue por un aliviadero (t√∫nel) sobre el cual se encuentra asentada la calzada... ver m√°s,2020-06
2020-06-22,Se despliegan acciones en territorio ante desbordamiento del r√≠o Upano,El Comit√© de Operaciones de Emergencia de Morona Santiago (COE) se mantiene activo con la finalidad de dar seguimiento a las acciones interinstitucionales en beneficio de la poblaci√≥n afectadas... ver m√°s,2020-06
2020-06-21,El SNGRE coordina acciones de respuesta ante desbordamiento del r√≠o Upano,"Macas (Morona Santiago).‚Äì El Servicio Nacional de Gesti√≥n de Riesgos y Emergencias (SNGRE), a trav√©s de la Unidad de Monitoreo de Eventos Adversos, report√≥ en horas de la ma√±ana,... ver m√°s",2020-06
2020-01-28,"Directora General de Gesti√≥n de Riesgos, recorri√≥ las zonas vulnerables a inundaciones por el r√≠o Upano","Macas (Morona Santiago).- En horas de la ma√±ana de este 28 de enero, la Directora General del Servicio Nacional de Gesti√≥n de Riesgos y Emergencias, Alexandra Ocles, se reuni√≥... ver m√°s",2020-01
2020-01-20,SNGRE realiza el monitoreo constante del r√≠o Upano,"Macas (Morona Santiago).- El pasado 18 de enero de 2020, se report√≥ el incremento del caudal del r√≠o Upano debido a las precipitaciones registradas en la zona. Ante esta... ver m√°s",2020-01
2019-12-27,"Instituciones que conforman el COE Morona Santiago, realizaron una nueva inspecci√≥n en el r√≠o Upano","Macas (Morona Santiago).- En horas de la ma√±ana del 27 de diciembre, se llev√≥ a cabo una nueva inspecci√≥n t√©cnica de las instituciones que conforman el COE, en donde... ver m√°s",2019-12
2022-10-13,"D√≥nde queda el r√≠o Upano, conocido mundialmente para practicar ...","El r√≠o Upano fue calificado en el 2007 como el ""cuarto mejor lugar del mundo"" para practicar rafting, por National Geographic.",2022-10
2024-11-02,Instalan estructuras met√°licas del nuevo puente sobre el r√≠o Upano ...,"Seg√∫n el Ministerio de Transporte y Obras P√∫blicas, los tres puentes medir√°n 195, 58 y 25 metros.",2024-11
2024-08-07,Restricci√≥n vehicular por creciente del r√≠o Upano debido a las ...,"Deslizamientos, trabajos de reparaci√≥n y hundimientos dificultan la movilizaci√≥n a la Amazon√≠a, Chimborazo y Azuay.",2024-08
2024-10-28,"Caudal del r√≠o Upano, en Morona Santiago, aument√≥ tras lluvias ...","El Instituto Geof√≠sico tambi√©n emiti√≥ un informe sobre la situaci√≥n del volc√°n Sangay, que se encuentra en esa zona.",2024-10
2024-02-04,"Agua represada del r√≠o Upano empez√≥ a fluir, seg√∫n Secretar√≠a de ...",El Instituto Geof√≠sico de la Escuela Polit√©cnica Nacional alert√≥ ayer del descenso de un flujo pirocl√°stico por la quebrada suroriental del ...,2024-02
2024-01-17,Arqueolog√≠a en el Upano | Cartas al Director | Opini√≥n | El Universo,Ya en 1980 el conocido arque√≥logo ecuatoriano Pedro Porras public√≥ en su libro Arqueolog√≠a del Ecuador un cap√≠tulo sobre la fase Upano ( ...,2024-01
2024-02-18,R√≠o Upano en Morona Santiago se desbord√≥ este domingo ...,Como una medida de precauci√≥n se restringi√≥ el paso de veh√≠culos.,2024-02
2022-08-09,Fiscalizan presuntas irregularidades en contrato de obras ...,Fiscalizan presuntas irregularidades en contrato de obras emergentes sobre el r√≠o Upano en Morona Santiago. El legislador que fiscaliza el ...,2022-08
2024-01-21,En Macas se desborda el r√≠o Upano y tras trabajos se habilit√≥ ...,"En Macas se desborda el r√≠o Upano y tras trabajos se habilit√≥ circulaci√≥n vehicular ¬∑ Paseo dominical se retoma este domingo, en Quito ¬∑ M√°s de ...",2024-01
2024-02-12,Las carreteras y la erosi√≥n amenazan la 'ciudad perdida' en el valle ...,"Upano salt√≥ a la fama en enero, cuando la revista 'Science' public√≥ un art√≠culo del franc√©s St√©phen Rostain, quien realiz√≥ excavaciones en ...",2024-02
2021-03-29,Crecida del caudal del r√≠o Upano mantiene en alerta a las ...,Personal que labora en la protecci√≥n del puente sobre el r√≠o Upano alert√≥ esta madrugada. Se retir√≥ maquinaria y trabajadores como medida ...,2021-03
2024-05-05,V√≠a Macas-Puyo cerrada por desbordamiento del r√≠o Upano ...,"Hay otro cierre en carretera Macas-Riobamba por deslizamiento de material en el km 69, sector Alshi.",2024-05
2023-11-10,Habilitan paso vehicular por v√≠a Macas-Puyo tras desbordamiento ...,El Ministerio de Transporte y Obras P√∫blicas dio a conocer que desde el mediod√≠a de este viernes se habilit√≥ la circulaci√≥n en la v√≠a ...,2023-11
2021-05-16,Tramo de la carretera Puyo-Macas colaps√≥ por crecida de r√≠o Upano,El desbordamiento del r√≠o se dio por las fuertes lluvias registradas en los √∫ltimos d√≠as. La v√≠a alterna es la Suc√∫a-Seipa-Sevilla Don ...,2021-05
2024-03-09,"Una avioneta se accident√≥ en islote del r√≠o Upano, en Macas ...",Los equipos de rescate se activaron y se logr√≥ la comunicaci√≥n por v√≠a telef√≥nica con el piloto de la aeronave accidentada.,2024-03
2024-03-14,Cerrada la v√≠a Macas-Puyo por desbordamiento del r√≠o Upano ...,El Ministerio de Transporte y Obras P√∫blicas recomienda usar como ruta alterna la v√≠a Suc√∫a-Seipa-Sevilla.,2024-03
2021-03-25,Se monitorea represamiento en la confluencia de los r√≠os Upano y ...,"Se monitorea represamiento en la confluencia de los r√≠os Upano y Volc√°n. Guardaparques del Parque Nacional Sangay alertaron sobre la novedad, la ...",2021-03
2024-02-06,Manuel del Valle: Las riberas del r√≠o Upano | Opini√≥n - El Universo,Las riberas del r√≠o Upano ¬∑ La ciudad perdida en el Amazonas fue descrita por EL UNIVERSO en 1987: en el complejo vivieron hasta 100.000 ...,2024-02
2024-02-06,Manuel del Valle: Las riberas del r√≠o Upano | Opini√≥n - El Universo,Las riberas del r√≠o Upano ¬∑ La ciudad perdida en el Amazonas fue descrita por EL UNIVERSO en 1987: en el complejo vivieron hasta 100.000 ...,2024-02
2024-02-03,Secretar√≠a de Riesgos monitorea represamiento del r√≠o Upano por ...,"La Secretar√≠a de Gesti√≥n de Riesgos inform√≥ este s√°bado, 3 de febrero, que se registr√≥ un represamiento total del r√≠o Upano debido a la ...",2024-02
2023-03-05,Evacuaciones y cierre de v√≠a caus√≥ desbordamiento del r√≠o Upano ...,"Evacuaciones y cierre de v√≠a caus√≥ desbordamiento del r√≠o Upano ante actividad del volc√°n Sangay, en la Amazon√≠a. La Secretar√≠a de Gesti√≥n de ...",2023-03
2024-03-19,"Colocan bases de puente sobre el r√≠o Upano, en Morona Santiago ...",Se calcula que el tama√±o del puente ser√° de 195 metros.,2024-03
2023-11-28,Volc√°n Sangay y r√≠o Upano pueden ser vistos en vivo a trav√©s de ...,Dependiendo de las condiciones clim√°ticas se podr√° observar de mejor manera el volc√°n.,2023-11
2021-03-30,Represamiento en los r√≠os Volc√°n y Upano se evac√∫a a trav√©s de ...,Represamiento en los r√≠os Volc√°n y Upano se evac√∫a a trav√©s de canal formado en la zona ¬∑ Crecida del caudal del r√≠o Upano mantiene en alerta a ...,2021-03
2024-04-13,"En octubre, los tres puentes sobre el r√≠o Upano, en la Amazon√≠a ...","Seg√∫n el Ministerio de Transporte y Obras P√∫blicas, medir√°n 195, 58 y 25 metros.",2024-04
2022-10-15,V√≠a Macas-Puyo se cierra por desbordamiento del r√≠o Upano ...,El ECU911 Macas indic√≥ que se habilit√≥ la ruta alterna Macas-Suc√∫a-Seipa-Sevilla-Don Bosco-Puyo.,2022-10
2023-03-04,Lodo y escombros descienden del volc√°n Sangay lo que ha ...,"Lodo y escombros descienden del volc√°n Sangay lo que ha generado represamiento del r√≠o Upano, este s√°bado. Seg√∫n el Instituto Geof√≠sico se ...",2023-03
2024-07-14,V√≠a Macas-Puyo estar√° cerrada al paso vehicular hasta nuevo aviso ...,El Ministerio de Transporte y Obras P√∫blicas (MTOP) detall√≥ que esta medida se aplica debido al aumento del caudal del r√≠o Upano.,2024-07
2021-08-19,Guillermo Lasso suspendi√≥ su visita a Macas por mal clima | Pol√≠tica ...,"El ministro de Trabajo, Marcelo Cabrera, en el R√≠o Upano. Tomado de la cuenta de Twitter de la autoridad. Foto: Cortes√≠a. Publicidad. 19 de ...",2021-08
2024-01-16,La ciudad perdida en el Amazonas fue descrita por EL UNIVERSO ...,VALLE DEL UPANO. Fotograf√≠a cedida por el director de ... Upano en Ecuador. Foto: EFE. Contenido para suscriptores ¬∑ Informes ...,2024-01
2024-01-20,La inmensa ciudad descubierta en el Amazonas que cambia lo que ...,"La ciudad est√° en la zona de Upano, en la regi√≥n amaz√≥nica del este de Ecuador.",2024-01
2025-01-21,Dos r√≠os est√°n desbordados y cuatro con tendencia a subir en tres ...,"... Upano, uno de los m√°s importante de ese sector del pa√≠s. S√≠guenos en WhatsApp. Las √∫ltimas lluvias aumentaron el caudal del r√≠o Upano.",2025-01
2024-01-11,Arque√≥logos descubren ciudades perdidas en la selva amaz√≥nica ...,"Arque√≥logos han descubierto una densa red de ciudades interconectadas, ahora escondidas bajo el bosque en el valle de Upano en Ecuador ...",2024-01
2024-07-13,V√≠a Macas-Puyo est√° cerrada al paso vehicular por desbordamiento ...,"Seg√∫n el Art. 60 de la Ley Org√°nica de Comunicaci√≥n, los contenidos se identifican y clasifican en: (I), informativos; (O), de opini√≥n; (F), ...",2024-07
2022-08-30,Compa√±√≠a Hidalgo & Hidalgo aclar√≥ declaraciones de legislador ...,"La constructora se√±al√≥ que no tiene relaci√≥n con la compa√±√≠a Simar Constructores, que a su vez es parte del Consorcio Upano 2022.",2022-08
2021-03-11,"Rocafuerte, el tercer cant√≥n manabita declarado en emergencia por ...","Rocafuerte, el tercer cant√≥n manabita declarado en emergencia por las lluvias; en Loja se desplom√≥ un cerramiento; y en Macas se rompi√≥ dique en ...",2021-03
2024-04-14,En unos ocho d√≠as estar√≠a listo puente delta en la v√≠a Al√≥ag-Santo ...,Se ultiman trabajos para habilitar el paso por esa carretera que une varias provincias de la Sierra y la Costa.,2024-04
2024-01-18,MTOP intervendr√° sectores cr√≠ticos de la v√≠a Ba√±os-Puyo | Ecuador ...,"La obra de los tres puentes sobre el r√≠o Upano tiene un avance del 31,21 %. S√≠guenos en WhatsApp. En la ejecuci√≥n de trabajos colaborar√°n ...",2024-01
2023-03-05,"En Mulal√≥ cae ceniza del volc√°n Cotopaxi, este domingo | Ecuador ...",Desde octubre del 2022 se estableci√≥ la alerta amarilla para ese volc√°n que es monitoreado por el Instituto Geof√≠sico.,2023-03
2024-10-23,V√≠a cerrada por deslizamiento de tierra debido a lluvias en Morona ...,Se solicit√≥ precauci√≥n en el paso provisional al puente sobre el r√≠o Upano.,2024-10
2023-11-11,Estado de v√≠as que registraban problemas para circulaci√≥n en ...,"Ministerio de Transporte y Obras P√∫blicas habilit√≥ la circulaci√≥n en la v√≠a Macas - Puyo, sector r√≠o Upano, tras lograr encauzar el agua.",2023-11
2024-01-21,En Quito existen cuatro contraflujos vehiculares: conozca d√≥nde se ...,En Macas se desborda el r√≠o Upano y tras trabajos se habilit√≥ circulaci√≥n vehicular ¬∑ S√≠guenos en WhatsApp. En la avenida Mariscal Sucre se ...,2024-01
2024-01-17,La inmensa ciudad en el Amazonas que cambia lo que se sab√≠a de ...,"La ciudad est√° en la zona de Upano, en la regi√≥n amaz√≥nica del este de Ecuador.",2024-01
2022-10-23,Iv√°n Sandoval Carri√≥n: Lasso a su manera | Columnistas - El Universo,"Y a la de Vera, en una entrevista y tour de force necesario para que el presidente del Ecuador procure desmentir el supuesto ensimismamiento ...",2022-10
2024-06-01,Gobierno prev√© entregar alrededor de 100 obras en lo que resta de ...,Los proyectos ofrecidos se financiar√°n con parte de los recursos que se consigan del acuerdo que Ecuador negocia con el FMI.,2024-06
2022-08-08,Los estruendos del Sangay atrapan a los fot√≥grafos de paisajes y ...,"'Cuando √©ramos ni√±os, el Sangay no sonaba as√≠, es como si el volc√°n estuviera enojado' ¬∑ Ecuador tiene 84 volcanes identificados: dos est√°n ...",2022-08
2024-06-24,"Se habilita paso por la v√≠a Macas-Puyo, en Morona Santiago ...","Seg√∫n el Ministerio de Transporte y Obras P√∫blicas (MTOP), hay un trabajo en conjunto con varias entidades p√∫blicas y privadas.",2024-06
2025-01-22,Veh√≠culo fue arrastrado por la corriente del r√≠o Upano,"Actualizado 08:44
Redacci√≥n Teleamazonas.com |
Una camioneta fue arrastrada, este mi√©rcoles 22 de enero del 2025, por la corriente del r√≠o Upano debido al aumento del caudal provocado por las intensas lluvias. Esta emergencia la dio a conocer el ECU 911 en sus redes sociales.
El veh√≠culo fue arrastrado y qued√≥ atrapado en el r√≠o Upano, en el sector del acceso al puente en Macas, provincia de Morona Santiago. Hasta el momento, no se ha informado sobre el n√∫mero de ocupantes del veh√≠culo.
El suceso fue reportado al sistema de emergencias a las 06:15. Bomberos de Morona y la Polic√≠a Nacional se desplegaron a ese sector para ejecutar labores de rescate.
Un video difundido por el ECU 911, a trav√©s de sus redes sociales, muestra como el veh√≠culo est√° atrapado en medio del r√≠o, mientras la corriente de agua, que fluye con rapidez, rodean la camioneta roja. 
De hecho, por el aumento del caudal, el Ministerio de Transporte inform√≥ que la v√≠a Macas-Puyo est√° cerrada, en el acceso al puente sobre el r√≠o Upano. Los conductores pueden tomar como v√≠a alterna: Suc√∫a-Seipa-Sevilla Don Bosco.
Las fuertes lluvias que se han registrado en los √∫ltimos d√≠as provocaron que el caudal de los r√≠os aumente. Pero, las precipitaciones tambi√©n pueden provocar otras emergencias. 
Por ejemplo, debido a un deslizamiento de tierra, la v√≠a Macas-Riobamba, sector Colimbo, parroquia 9 de Octubre, se encuentra cerrada al paso vehicular. Las autoridades piden a los conductores tomar rutas alternas.
üö®#ECU911Reporta| Hoy, a las 06:15 se report√≥ al 9-1-1 sobre un veh√≠culo que es arrastrado por la corriente del r√≠o Upano en el sector del acceso al puente en #Macas debido al aumento del caudal. Inmediatamente se coordin√≥ con @bomberosmorona y @PoliciaEcuador. pic.twitter.com/lswl47vJKQ

#ATENCI√ìN l El cuerpo de un hombre fue hallado en el r√≠o Tomebamba. Esto se sabe https://t.co/X9CCtIueKG pic.twitter.com/1jPcUB1U6v",2025-01
2024-10-29,Lluvias cesaron en R√≠o Upano pero mantiene alerta por el desbordamiento,"La Secretar√≠a Nacional de Riesgos mantiene la alerta por el desbordamiento del R√≠o Upano en la provincia de Morona Santiago. Las lluvias cesaron en esa zona pero el nivel del caudal se mantiene alto.
El √∫ltimo reporte sobre la situaci√≥n de los r√≠os en Ecuador fue emitido a las 15:00 de este 29 de octubre del 2024. El desbordamiento del caudal del Upano ocasion√≥ el cierre de la v√≠a Macas-Puyo.
‚ÄúAl momento no existe presencia de lluvias. Sin embargo, el r√≠o se mantiene desbordado y el tr√°nsito vehicular interrumpido en su totalidad‚Äù, inform√≥ la Secretar√≠a de Riesgos. ¬†¬†¬†
La situaci√≥n en Morona Santiago se complic√≥ tras las fuertes lluvias que iniciaron la tarde-noche del domingo pasado. Desde entonces es el √∫nico r√≠o que, hasta el momento, se mantiene en alerta por desbordamiento. Ayer, por ejemplo, Riesgos report√≥ problemas tambi√©n en el Rio Anzu (Napo) y R√≠o Macuma (Morona Santiago).
A la par de esta situaci√≥n hay otros tres r√≠os que est√°n vigilados por el posible incremento de su caudal. Se trata del Aguarico (Sucumb√≠os), que, seg√∫n Riesgos, tiene tendencia a aumentar. A esa misma circunstancia se suman: Putumayo (Sucumb√≠os) y San Miguel, tambi√©n en Sucumb√≠os.
#ATENCI√ìN | La hidroel√©ctrica Coca Codo Sinclair aumenta su generaci√≥n de energ√≠a por lluvias en Ecuador. ¬øMenos apagones? https://t.co/rZWYa0swer pic.twitter.com/Bx7JyTctz8",2024-10
2024-10-28,Alerta por incremento en el caudal del r√≠o Upano; cierran ingreso a Macas,"El Instituto Geof√≠sico emiti√≥ una alerta por el incremento en el caudal del r√≠o Upano debido a las lluvias y actividad del volc√°n Sangay este lunes 28 de octubre del 2024. El ingreso a la ciudad de Macas, en Morona Santiago se cierra al tr√°nsito vehicular y peatonal.
Seg√∫n el IG desde las 11:30 las c√°maras de videovigilancia captaron el incremento en el r√≠o Upano. La entidad explic√≥ el fen√≥meno est√° asociado a la ocurrencia de flujos de lodo y escombros que descienden por las quebradas del volc√°n.
Como consecuencia del incremento, a las 11:30 se cerr√≥ el paso provisional a veh√≠culos y peatones al puente de Macas. La v√≠a est√° cerrada a la altura de la Y de Santa Ana y Radio Morona. El ECU 911 recomienda tomar v√≠as alternas como Macas ‚Äì Suc√∫a ‚Äì Seipa ‚Äì Sevilla Don Bosco ‚Äì Puyo.
El IG se√±al√≥ en un comunicado que el pronostico del clima indica que las lluvias continuar√°n durante las siguientes horas. Por lo tanto, el flujo de lodo y escombros puede continuar.
¬´Este fen√≥meno ha sido recurrente en el actual periodo eruptivo ya que las lluvias en el volc√°n re-movilizan el material acumulado en los flancos¬ª, dijo el IG en su cuenta de la red social X. Adem√°s, recomienda no acercarse a los r√≠os y sus afluentes.
#ATENCI√ìN | Acceso a Macas est√° inundado por el desbordamiento del r√≠o Upano. Esto se sabe https://t.co/aWtCXYdNCb pic.twitter.com/QVtoTiVn1V",2024-10
2024-10-23,Acceso a Macas est√° inundado por el desbordamiento del r√≠o Upano,"Las fuertes lluvias en la Amazon√≠a ecuatoriana causan estragos. El acceso a la ciudad de Macas, en la provincia de Morona Santiago est√° inundado por el desbordamiento del r√≠o Upano.
El Servicio Integrado de Seguridad (ECU 911) inform√≥ este mi√©rcoles 23 de octubre del 2024 que se visualiza una ¬´caudal alto del r√≠o Upano¬ª. Esto provoc√≥ el desbordamiento en el paso provisional de acceso al puente en Macas. 
En un video compartido por el ECU 911 se ve c√≥mo los veh√≠culos intentan transitar por el lugar con dificultad por la acumulaci√≥n de agua. 
Seg√∫n el Instituto Nacional de Metereolog√≠a e Hidrolog√≠a (Inamhi) la alerta por fuertes lluvias y tormentas el√©ctricas en la Amazon√≠a persiste desde la tarde del martes 22 de octubre. 
Se espera que las lluvias se extiendan hasta la tarde ‚Äì noche de este mi√©rcoles. Por ello, se levant√≥ tambi√©n una alerta de inundaciones y agua estancada, deslizamientos de tierra y desbordamientos de r√≠os. 
Estos escenarios se pueden presentar con mayor intensidad en la zona centro y norte de la regi√≥n amaz√≥nica, como es el caso de Morona Santiago.
#ATENCI√ìN | ¬°Tome precauciones! Inamhi emite alerta de lluvias y tormentas el√©ctricas en la Amazon√≠a. ¬øHasta cu√°ndo? https://t.co/i61qqSBEhA pic.twitter.com/XkKYX781si
",2024-10
2024-08-07,La v√≠a Macas-Puyo est√° cerrada por el desbordamiento del r√≠o Upano,"La v√≠a Macas-Puyo, en Morona Santigo, est√° cerrada al tr√°nsito vehicular, este mi√©rcoles 7 de agosto del 2024, por el desbordamiento del r√≠o Upano. As√≠ lo inform√≥ el ECU-911 Macas. 
¬´La v√≠a Macas-Puyo, en el sector del acceso al puente sobre el r√≠o Upano, se encuentra cerrada al paso vehicular debido al desbordamiento del r√≠o¬´, se√±alaron los organismos de socorro. 
Por eso, las autoridades piden a los conductores de veh√≠culos livianos que tomen v√≠as alternas. Las rutas por las que se puede transitar son: Macas ‚Äì Suc√∫a ‚Äì Seipa ‚Äì Sevilla ‚Äì Don Bosco ‚Äì Puyo.
üõ£Ô∏è#ECU911Reporta ‚ùåLa v√≠a Macas ‚Äì Puyo, sector del acceso al puente sobre el r√≠o Upano contin√∫a cerrada al paso vehicular. ‚ö†Ô∏èV√≠a alterna para veh√≠culos livianos: Macas-Suc√∫a-Seipa-Sevilla Don Bosco-Puyo.#V√≠asECU911 Tomar precauciones. pic.twitter.com/dYLmJvhn6O

Seg√∫n la central de emergencia, el desbordamiento del r√≠o Upano se produjo debido al incremento del caudal del r√≠o Volc√°n, probablemente a causa del descenso de lahares del volc√°n Sangay. 
Adem√°s, el ECU 911 dijo que ¬´las condiciones clim√°ticas en las estribaciones del coloso incidieron en este fen√≥meno¬´. Ese organismo dijo que junto a la Secretar√≠a Nacional de Gesti√≥n de Riesgos monitorea la situaci√≥n de manera permanente. 
#ATENCI√ìN | Hallan el cad√°ver de una estudiante que fue arrastrada por un r√≠o en Ba√±os; b√∫squeda de otra probable v√≠ctima contin√∫a https://t.co/YE8dLehLLa pic.twitter.com/10QQK6KUaM",2024-08
2024-07-13,Desbordamiento del R√≠o Upano provoc√≥ cierre en la V√≠a Macas Puyo,"Un cierre vial se registr√≥ la ma√±ana de este 13 de julio de 2024 en la v√≠a Macas-Puyo. El Ecu 911 inform√≥ sobre el desbordamiento del R√≠o Upano que origin√≥ la interrupci√≥n del paso de los veh√≠culos.
#AHORA|‚ùåLa v√≠a Macas ‚Äì Puyo, sector del acceso al puente sobre el r√≠o Upano se encuentra cerrada al paso vehicular debido al desbordamiento del r√≠o. ‚ö†Ô∏èV√≠a alterna para veh√≠culos livianos: Macas-Suc√∫a-Seipa-Sevilla Don Bosco-Puyo.#V√≠asECU911 Tomar precauciones. pic.twitter.com/mkj1S8y17z
El Ecu 911 Austro inform√≥: ‚ÄúLa v√≠a Macas ‚Äì Puyo, sector del acceso al puente sobre el r√≠o Upano se encuentra cerrada al paso vehicular debido al desbordamiento del r√≠o‚Äù.
En las im√°genes compartidas por la entidad de seguridad se observa c√≥mo la crecida del r√≠o alcanz√≥ la v√≠a. Eso impidi√≥ que un lado del puente se conecte con el otro y oblig√≥ a las autoridades a tomar la medida.
El mismo Ecu 911 se√±al√≥ que hay v√≠as alternas habilitadas. Estas son: Macas-Suc√∫a-Seipa-Sevilla Don Bosco-Puyo. Sin embargo, esa opci√≥n est√° activa √∫nicamente para los veh√≠culos livianos y la entidad alert√≥ sobre la precauci√≥n debido al crecida del R√≠o Upano.
La v√≠a Macas-Riobamba tambi√©n registra un cierre. Seg√∫n el Ecu 911 zona Austro, hay una restricci√≥n en el sector El Tigrillo. Por ello, los conductores deben tener v√≠as alterns en esa zona. 
Nuevo desbordamiento del r√≠o Upano dej√≥ incomunicadas a las ciudades de Macas y Puyo. Puente inhabilitado https://t.co/cssN9dN0Lx pic.twitter.com/IEsPoR3rIV",2024-07
2024-04-01,La v√≠a Macas ‚Äì Puyo cerrada tras desbordamiento del r√≠o Upano,"La ma√±ana de este lunes 1 de abril de 2024, el caudal del r√≠o Upano, ubicado en la provincia de Morona Santiago, experiment√≥ un significativo aumento, desencadenando un desbordamiento que gener√≥ gran impacto en esta zona. 
La informaci√≥n fue confirmada por el ECU 911 a trav√©s de su cuenta de X, que inform√≥ sobre el suceso acompa√±ando de v√≠deos que evidencian la magnitud del desborde, que afect√≥ directamente a la carretera que conduce al puente sobre el r√≠o.
El paso provisional en el acceso al puente Macas se encuentra cerrado, seg√∫n el reporte del ECU 911. 
üì∏ Se visualiza a trav√©s de las c√°maras de #VideovigilanciaECU911 el desbordamiento de #R√≠oUpano por aumento de caudal. ‚ùåEl paso provisional por el puente #Macas se encuentra cerrado. V√≠a alterna: Sevilla ‚Äì Seipa- Suc√∫a üöò Se recomienda tomar precauciones . pic.twitter.com/iNaCQdf4J9


Ante esta situaci√≥n, el Ministerio de Transporte y Obras P√∫blicas inform√≥ que se encuentra cerrada la v√≠a Macas-Puyo y por ello ha establecido rutas alternativas. Para veh√≠culos livianos, se recomienda la v√≠a Suc√∫a-Seipa-Sevilla, mientras que para veh√≠culos pesados se habilitar√° la carretera Macas-Riobamba.

#MoronaSantiago | Cerrada la v√≠a Macas-Puyo en el acceso al puente sobre el r√≠o Upano por aumento del caudal e inundaci√≥n del paso provisional. üöóV√≠a alterna para veh√≠culos livianos: Suc√∫a-Seipa-Sevilla.üööV√≠a alterna para veh√≠culos pesados: Macas-Riobamba. pic.twitter.com/5d7hSI1UGm

La Secretar√≠a de Gesti√≥n de Riesgos atribuy√≥ el desbordamiento del r√≠o Upano a las intensas precipitaciones registradas en las √∫ltimas horas. Asimismo, informaron que la Polic√≠a Nacional est√° brindando seguridad en la zona y que se est√°n coordinando con el Ministerio de Transporte para la pronta habilitaci√≥n de la v√≠a afectada.
Las autoridades aseguran que se encuentran monitoreando la situaci√≥n y trabajando en conjunto para gestionar los efectos del desbordamiento. Adem√°s, solicitaron a los ciudadanos mantenerse informados y tomar las precauciones necesarias en √°reas vulnerables a inundaciones.

#ATENCI√ìN | R√≠o Tomebamba se desborda y causa inundaciones en Cuenca este 29 de diciembre. Detalles: https://t.co/pcijdSuhtm pic.twitter.com/GNC9QZnFTK",2024-04
2024-03-15,Nuevo desbordamiento del r√≠o Upano deja incomunicadas a Macas y Puyo,"El r√≠o Upano, en Morona Santiago, se desbord√≥ una vez m√°s por las lluvias de la tarde y noche del mi√©rcoles 13 de marzo de 2024. Las ciudades de Puyo y Macas quedaron incomunicadas por el tr√°nsito interrumpido en el puente.
Un mes antes el desbordamiento dej√≥ inhabilitado el puente. Esta vez hasta el paso provisional fue invadido por el agua. 

De acuerdo con Andr√©s Benavides, t√©cnico del Ministerio de Transporte y Obras P√∫blicas, el muro de escolleras, que ten√≠a como objetivo encausar el r√≠o, qued√≥ destruido. El tr√°fico est√° suspendido y las ciudades de Macas y Puyo quedaron incomunicadas. Lo mismo podr√≠a pasar con la zona norte de Morona Santiago.
El Cuerpo de Ingenieros del Ej√©rcito trabaja en la zona la construcci√≥n de tres puentes. Sin embargo, por la crecida del r√≠o los trabajos han sido interrumpidos.
¬´El muro de escolleras ha sido roto y por eso es que el agua se ingres√≥ al paso provisional y toca reconstruirlo para continuar los trabajos¬ª, explica Benavides.
Sin embargo, explica que ¬´el agua est√° cediendo poco a poco, podemos ver que la arena h√∫meda se va asomando¬ª. Seg√∫n el t√©cnico la maquinaria seguir√° ingresando para habilitar el tr√°nsito a medida que el nivel del agua disminuya.
Se prev√© que hasta la tarde de este viernes 15 de marzo el tr√°nsito vehicular pueda ser habilitado de manera paulatina.
#VIDEO | Puente que conecta a las provincias de Guayas y Chimborazo se derrumb√≥ por el desbordamiento de un r√≠o. Detalles https://t.co/sHPKOwNZC7 pic.twitter.com/triH3ghXx0",2024-03
2023-11-10,Nuevo desbordamiento del r√≠o Upano provoca cierre de carretera,"La madrugada de este viernes 10 de noviembre de 2023 se registr√≥ un aumento del caudal y desbordamiento del r√≠o Upano, ubicado en la carretera que une la ciudad de Macas y Puyo, en la provincia de Morona Santiago.
Este incidente provoc√≥ el cierre de la v√≠a de acceso al puente que se encuentra sobre el r√≠o. Ante ello, las autoridades recomendaron tomar v√≠as alternas para llegar a su destino.
En este caso, la carretera alterna es: Seipa ‚Äì Sevilla Don Bosco ‚Äì Suc√∫a. Adicional a ello, las autoridades informaron que hasta el momento, no se han registrado afectaciones a personas ni a viviendas debido al desbordamiento.
De igual forma, el ECU 911 Macas afirma que realiza un seguimiento de la situaci√≥n a trav√©s de las c√°maras de video vigilancia instaladas en el lugar, desde donde se evidencia el caudal alto del afluente.¬†
Esta no es la primera vez que ocurre un incidente como estos en el r√≠o Upano. La fuertes precipitaciones registradas en el sector han sido la principal problem√°tica que ha afectado no solo al paso vehicular, sino tambi√©n ha dejado comunidades incomunicadas, carreteras colapsadas e incluso afectaciones en el puente.
Por otro lado, tambi√©n se registr√≥ un deslizamiento de rocas en la v√≠a Macas ‚Äì Riobamba en el kil√≥metro 60. Las autoridades informaron que debido al incidente este eje vial se encuentra parcialmente habilitado a la circulaci√≥n vehicular.

Los apagones que vive el Ecuador s√≠ tienen responsables, aseguran expertos. ¬øQui√©nes son? https://t.co/Z9DXISbVBh pic.twitter.com/qUrmcqS7nS",2023-11
2023-06-27,Alerta por nueva creciente del r√≠o Upano; Macas aislada,"Hay alerta por la crecida del r√≠o Upano en Morona Santiago tras las fuertes lluvias de este domingo 25 de junio de 2023. El fuerte invierno destruy√≥ un camino alterno en la carretera Macas ‚Äì Puyo.
Los esfuerzos t√©cnicos no han podido controlar la situaci√≥n y gran parte de la poblaci√≥n permanece aislada.
Pese a los trabajos realizados para desviar las aguas del caudaloso r√≠o, que se viene ejecutando desde hace aproximadamente tres a√±os, existe preocupaci√≥n debido a que a futuro los da√±os podr√≠an ser mayores.
Si el invierno contin√∫a en estas condiciones, algunos t√©cnicos sostienen que ser√≠a imposible recuperar el paso alterno.
Por la v√≠a transitan a diario aproximadamente 7 000 veh√≠culos y en el lugar est√° previsto construir varios puentes, obras que estar√≠an listas en aproximadamente 10 meses.

‚ÄúLa corriente de agua era muy fuerte‚Äù. Rescatan a nueve personas en el r√≠o Pastaza tras el hundimiento de una canoa https://t.co/qFyY2mrPO9 pic.twitter.com/2iUfZw6LUl",2023-06
2023-01-13,Inici√≥ la construcci√≥n del puente sobre el r√≠o Upano,"El presidente Guillermo Lasso, visit√≥ Morona Santiago, para dar inicio a la construcci√≥n del puente del r√≠o Upano y reconstruir un tramo de la carretera Macas ‚Äì Puyo que fue destruido por los desbordamientos del r√≠o en el 2020 y 2021.
Aproximadamente ser√° 1 km de carretera en la troncal amaz√≥nica. Esta obra tendr√° una inversi√≥n de 21 millones de d√≥lares.
‚ÄúCumplimos con el compromiso que hicimos de solucionar este puente y esta carretera para poder mantener la comunicaci√≥n de Macas ‚Äì Puyo‚Äù, dijo el Primer Mandatario durante su intervenci√≥n.
Adem√°s, se anunci√≥ que la construcci√≥n del puente sobre el r√≠o Upano y toda la infraestructura vial estar√≠a lista en abril de 2024 y que beneficiar√° a cerca de 60 mil habitantes.
La obra est√° a cargo del Cuerpo de Ingenieros del Ej√©rcito, empresa que ha desplazado maquinaria para iniciar los trabajos de manera inmediata.
Las fuertes lluvias que han azotado la zona incrementaron el caudal de la corriente del r√≠o, lo que destruy√≥ el camino provisional que serv√≠a para el tr√°nsito por esta conexi√≥n vial en la regi√≥n Amaz√≥nica.
Juez sentencia a tres a√±os y cuatro meses de prisi√≥n a Geovanny R. https://t.co/dHT1CkV3Nc pic.twitter.com/lxCS70RXXX",2023-01
2022-11-17,R√≠o Upano interrumpe el paso en la v√≠a Macas - Puyo,"El r√≠o Upano vuelve a interrumpir el paso en la carretera Macas ‚Äì Puyo. Las fuertes lluvias que han azotado la zona incrementaron el caudal de la corriente, lo que destruy√≥ el camino provisional que serv√≠a para el tr√°nsito por esta conexi√≥n vial en la regi√≥n Amaz√≥nica.
Las fuertes lluvias que han ca√≠do en las √∫ltimas horas incrementaron el caudal del r√≠o Upano destruyendo el camino provisional.
‚ö†Ô∏èPrecauci√≥n | Debido a las precipitaciones registradas en #MoronaSantiago, se produjo el cierre de la v√≠a #Macas ‚Äì #Puyo en la zona del puente sobre el r√≠o Upano.üößTome v√≠as alternas Sevilla ‚Äì Seipa ‚Äì Suc√∫a. ‚ùóÔ∏è@Riesgos_Ec contin√∫a con el monitoreo del evento. pic.twitter.com/NXiHZFN5Ti
Geovanny Mendoza, director del Ministerio de Transporte y Obras P√∫blicas (MTOP), explic√≥ esta tarde que   ¬´la maquinaria y el equipo especializado¬ª no pod√≠a ingresar a la zona. 
La corriente del r√≠o Upano no s√≥lo afect√≥ a un tramo de la carretera tambi√©n se encuentran en peligro alcantarillas e incluso podr√≠a poner en riesgo el puente sobre el r√≠o Copueno. 
Las lluvias no han cesado durante las √∫ltimas 14 horas. Y a esta situaci√≥n se suman los grandes vol√∫menes de material volc√°nico que se desprende desde el volc√°n Sangay. 
En este lugar el Gobierno ha anunciado construir varios puentes, pero es imposible por la situaci√≥n clim√°tica.",2022-11
2022-10-15,V√≠a Macas - Puyo cerrada por desbordamiento del r√≠o Upano,"El r√≠o Upano se desbord√≥ por las intensas lluvias registradas en las √∫ltimas horas en Macas, Morona Santiago, as√≠ lo inform√≥ el Servicio Nacional de Gesti√≥n de Riesgos y Emergencias del Ecuador este s√°bado 15 de octubre del 2022.
Adem√°s, la entidad indic√≥ que se ha coordinado con el Ministerio de Transporte y Obras P√∫blicas (MTOP) para que se realicen trabajos en la zona una vez que el caudal baje.
Por su parte, el ECU 911 inform√≥ en sus redes sociales que se cerr√≥ la v√≠a Macas ‚Äì Puyo, tramo del puente sobre el r√≠o Upano, por el aumento del caudal.  Por ello, se habilit√≥ la ruta alterna Macas ‚Äì Suc√∫a ‚Äì Seipa ‚Äì Sevilla Don Bosco ‚Äì Puyo.
[ATENCI√ìN] üìçüõ£ #ECU911V√≠as al momento se procede al cierre de la v√≠a Macas ‚Äì Puyo, tramo del puente sobre el #r√≠oUpano debido al aumento del caudal del r√≠o.Ruta alterna: Macas -Suc√∫a-Seipa -Sevilla Don Bosco-Puyo. pic.twitter.com/Ifidskf7OA
Cerca de las 13:00, un veh√≠culo qued√≥  atrapado en el sector del puente sobre r√≠o Upano. C√°maras de videovigilancia alertaron a las entidades para realizar los procedimientos de rescate. El ECU 911 de Macas indic√≥ que so se reporta personas atrapadas.
[Informaci√≥n preliminar]C√°maras de #VideovigilanciaECU911 registra que un veh√≠culo se encuentra atrapado en el sector del puente sobre #r√≠oUpano debido al aumento del caudal.#ECU911Macas coordina el despacho de una unidad de rescate. No se reporta personas atrapadas. pic.twitter.com/lUDXteJ4oj
Esta no es la primera vez que el r√≠o Upano se desborda este a√±o. El pasado mes de mayo, el aumento del caudal caus√≥ da√±os parte de la carretera Troncal Amaz√≥nica E45, una tramo de casi 400 metros, y dej√≥ incomunicada a la ciudad de Macas.",2022-10
2021-08-20,El gobierno destinar√° recursos para construir puentes en el R√≠o Upano,"El presidente Guillermo Lasso no lleg√≥ a la ciudad de Macas, como estaba previsto hoy, por malas condiciones meteorol√≥gicas. En su representaci√≥n estuvo el Ministro de Transporte y Obras P√∫blicas, quien anunci√≥ que el gobierno destinar√° los recursos necesarios para construir puentes en el R√≠o Upano.",2021-08
2021-05-31,Viceministro visit√≥ la zona afectada por desbordamiento del r√≠o Upano,"El viceministro de Transporte y obras p√∫blicas, visit√≥ la ciudad de Macas y recorri√≥ la zona afectada en la troncal amaz√≥nica por los desbordamientos del r√≠o Upano.
El funcionario anunci√≥ acciones inmediatas y tambi√©n reconoci√≥ que el sistema vial en Morona Santiago y el oriente est√° abandonado.
En la zona de la emergencia, d√≥nde la corriente destruy√≥ 160 metros lineales de carretera, el viceministro Ram√≥n explic√≥ que es necesario pensar en dos soluciones, una a corto plazo, denominada provisional, que permita recuperar la conectividad lo m√°s pronto posible; y, otra propuesta a largo plazo y definitiva para superar el problema que se ha visto magnificado por la actividad del volc√°n Sangay. Para ello se deben ejecutar estudios.
En este sitio, la empresa Asoconsfa contin√∫a la construcci√≥n de muros de confinamiento, obra que fue contratada mediante declaratoria de emergencia, tras la primera destrucci√≥n de la arteria, en junio de 2020. Dicha emergencia est√° en tr√°mite de ser extendida para atender los nuevos da√±os
Los detalles en el siguiente video:
Mediante el monitoreo a trav√©s de las c√°maras de #VideovigilanciaECU911 se visualiza el caudal moderado del r√≠o Upano.Por precauci√≥n, evite acercarse a las orillas del r√≠o. pic.twitter.com/RDmLfbNJtU",2021-05
2021-05-21,Comunidades quedaron afectadas tras el desbordamiento del r√≠o Upano,"Varias comunidades quedaron afectadas tras el desbordamiento del r√≠o Upano en Morona Santiago, la comunidad de San Luis desapareci√≥ y un puente qued√≥ en medio de las turbulentas aguas del r√≠o.
PREFECTO RAFAEL ANTUNI INSPECCIONA PUENTE SOBRE EL R√çO UPANO ‚Äì SECTOR SEIPA, TRABAJOS DE MANTENIMIENTO Y CONTROL VEHICULARLink: https://t.co/zFsnlPVUMS pic.twitter.com/2HRWtDhA8J
Mientras tanto, los propietarios de las pocas viviendas que escaparon de la furia del rio ¬†tratan de recuperar lo poco que queda, el puente sobre el rio Jurumbuno ¬†¬†¬†que inauguro la Prefectura de Morona Santiago el a√±o pasado ¬†est√° inhabilitado totalmente
Pobladores que se comunicaban por este camino vecinal manifiestan que las p√©rdidas son cuantiosas, ellos est√°n viviendo las consecuencias de esta grave situaci√≥n
Los guardaparques del Parque Nacional Sangay se ven perjudicados, debido a que la creciente no les ha permitido ingresar a sus puestos de trabajo ¬†
Comunidades quedaron afectadas tras el desbordamiento del r√≠o Upano, los detalles de esta noticia en el siguiente video:
#MoronaSantiago | Debido al desbordamiento del r√≠o #Upano, se inund√≥ una v√≠a de tercer orden y una vivienda no habitada en el sector de Nueva Alianza, ingreso al Parque Nacional #Sangay. @Riesgos_Ec en coordinaci√≥n con el GAD Parroquial de Sina√≠ realizan el seguimiento. pic.twitter.com/GU6gUqwTXL",2021-05
2021-05-19,Tramo de carretera colaps√≥ por creciente del r√≠o Upano,"Una gigante creciente del r√≠o Upano, en la provincia de Morona Santiago, destruye un tramo de m√°s de 100 metros de la carretera e45 troncal amaz√≥nica y mantiene aislada a la ciudad de macas en su conexi√≥n con el norte de la Amazon√≠a.
Se calcula que m√°s de 50 mil las personas est√°n afectadas.
Le contamos los detalles en el siguiente video",2021-05
2021-05-16,Desbordamiento del r√≠o Upano deja inhabilitada carretera,"Luego de casi 48 horas de lluvias en la Amazonia, el r√≠o Upano vuelve a desbordarse e inhabilita la carretera Troncal Amaz√≥nica E45, dejando aislada a la ciudad de Macas y poblaciones ubicadas al este y norte de la regi√≥n oriental.
El desbordamiento del r√≠o Upano caus√≥ severos da√±os en la Troncal Amaz√≥nica E45 y asila a la ciudad de Macas con el norte de la Amazon√≠a. La situaci√≥n obliga a las autoridades a asumir gestiones inmediatas. 
Franklin Galarza, alcalde de Morona Santiago, indic√≥ que se est√°n gestionando la colocaci√≥n de dos puentes bailey, sin embargo, aclar√≥ que todo va a depender del caudal del r√≠o y las lluvias.
El Servicio Nacional de Gesti√≥n de Riesgos y Emergencias del Ecuador (SNGRE) indic√≥ que se registr√≥ un socavamiento de la v√≠a Macas ‚Äì Puyo, en la zona entre los puentes de los r√≠os Copueno y Upano. Por lo que, la v√≠a se encuentra cerrada y como v√≠a alterna se habilit√≥ la arteria vial de Santa Ana-Sevilla-Suc√∫a. 
‚ö†Ô∏è Atenci√≥n | Debido a las precipitaciones, se registra el desbordamiento del r√≠o #Upano, en la zona entre los puentes de los r√≠os Copueno y Upano en la v√≠a #Macas ‚Äì #Puyo. Al momento la v√≠a se encuentra cerrada por precauci√≥n | #MoronaSantiago pic.twitter.com/JBfeZX7jmD
Estos desbordamientos, que han sido constantes en los √∫ltimos dos a√±os, afectaron un tramo de carretera de casi 400 metros.   
Ante el panorama que se observa en el lugar, los usuarios de esta conexi√≥n interprovincial tendr√°n que esperar por varios d√≠as para transitar por esta arteria vial.  Adem√°s, se ha anunciado que se van a tomar medidas urgentes para reparar la carretera, pues por esta v√≠a circulan m√°s de 5 000 automotores. 
M√°s detalles sobre el desbordamiento del r√≠o Upano en el siguiente video:",2021-05
2021-05-05,Comunidades quedaron incomunicadas tras el desbordamiento del r√≠o Upano,"Varias comunidades en el cant√≥n Morona de la provincia de Morona Santiago, quedaron incomunicadas tras el desbordamiento del r√≠o Upano.
Aproximadamente 1 500 personas que se dedican a labores de ganader√≠a, agricultura y peque√±os emprendimientos tur√≠sticos fueron afectadas.
Los detalles en el siguiente video:",2021-05
2021-03-31,Crecida del caudal del r√≠o Upano mantiene en alerta a las autoridades,"El r√≠o Upano vuelve a desbordarse y obliga a paralizar los trabajos de reparaci√≥n del acceso derecho al puente que une la ciudad de Macas y Puyo.
Las fuertes lluvias en la zona del volc√°n Sangay, desplaza material volc√°nico que represa las aguas del rio,¬† por lo que las autoridades de riesgos, se√±alan que se mantienen en alerta.
‚ö†Ô∏èAtenci√≥n | De acuerdo @Ambiente_Ec, el r√≠o #Upano por su propia fuerza se abri√≥ paso en la zona que se encontraba represada, el caudal incrementa paulatinamente. @Riesgos_Ec @Ecu911Macas @MunicipioMorona contin√∫an monitoreando. Tomar medidas de prevenci√≥n en la zona del puente. pic.twitter.com/YzHPTaa93M
A partir de las 04:00 del lunes, personal que labora en la protecci√≥n del puente sobre el r√≠o Upano alert√≥ acerca de la creciente del r√≠o, ante lo cual se opt√≥ por retirar la maquinaria pesada 
ACCIONES PREVENTIVASEn #MoronaSantiago, colaboramos con las personas que transitan por las cercan√≠as del r√≠o Upano ante el aumento del caudal del mismo#ServirYProteger pic.twitter.com/omQE8fnM9L
¬†Autoridades del Comit√© de Operaciones de Emergencia (COE) de Morona se mantienen vigilantes y pidieron a los pobladores  estar atentos respecto al comportamiento del r√≠o.
Crecida del caudal del r√≠o Upano mantiene en alerta a las autoridades, los detalles de esta noticia en el siguiente video:",2021-03
